Time,Conc,LSD,USD,Concentration,LSD1,USD1
0,86.2939958592133,78.1780538302277,94.4927536231884,184.626004140787,167.261946169772,202.167246376812
2000,96.6459627329193,93.4989648033126,100.041407867495,206.774037267081,200.041035196687,214.038592132506
4000,97.9710144927536,95.0724637681159,101.035196687371,209.608985507246,203.407536231884,216.16480331263
6000,104.927536231884,103.271221532091,106.666666666667,224.492463768116,220.948778467909,228.213333333334
8000,105.672877846791,103.850931677019,107.660455486542,226.087122153209,222.189068322982,230.339544513457
10000,104.265010351967,103.105590062112,105.672877846791,223.074989648033,220.594409937889,226.087122153209
12000,103.685300207039,102.028985507246,105.258799171843,221.83469979296,218.291014492753,225.201200828158
14000,97.888198757764,96.6459627329193,99.1304347826087,209.431801242236,206.774037267081,212.089565217391
16000,108.074534161491,105.175983436853,111.055900621118,231.22546583851,225.024016563147,237.604099378882
24000,86.2939958592133,78.1780538302277,94.4927536231884,184.626004140787,167.261946169772,202.167246376812
26000,96.6459627329193,93.4989648033126,100.041407867495,206.774037267081,200.041035196687,214.038592132506
28000,97.9710144927536,95.0724637681159,101.035196687371,209.608985507246,203.407536231884,216.16480331263
30000,104.927536231884,103.271221532091,106.666666666667,224.492463768116,220.948778467909,228.213333333334
32000,105.672877846791,103.850931677019,107.660455486542,226.087122153209,222.189068322982,230.339544513457
34000,104.265010351967,103.105590062112,105.672877846791,223.074989648033,220.594409937889,226.087122153209
36000,103.685300207039,102.028985507246,105.258799171843,221.83469979296,218.291014492753,225.201200828158
38000,97.888198757764,96.6459627329193,99.1304347826087,209.431801242236,206.774037267081,212.089565217391
40000,108.074534161491,105.175983436853,111.055900621118,231.22546583851,225.024016563147,237.604099378882
