Time,Conc,LSD,USD,Concentration,LSD1,USD1
0,80.4918032786885,72.6229508196721,88.6885245901639,5154.84801639344,4650.91175409836,5679.78162295082
2000,89.672131147541,85.4098360655738,93.9344262295082,5742.77365573771,5469.80818032787,6015.73913114754
4000,101.147540983607,97.2131147540984,106.065573770492,6477.68070491806,6225.7125737705,6792.64086885247
6000,112.295081967213,105.081967213115,119.836065573771,7191.59040983606,6729.64883606559,7674.52932786888
8000,102.786885245902,96.8852459016393,108.032786885246,6582.66742622953,6204.71522950819,6918.62493442624
10000,104.754098360656,100.16393442623,108.360655737705,6708.6514918033,6414.68867213118,6939.62227868853
12000,108.032786885246,103.114754098361,111.639344262295,6918.62493442624,6603.66477049183,7149.59572131147
14000,109.344262295082,102.459016393443,116.55737704918,7002.61431147541,6561.67008196724,7464.55588524588
16000,105.409836065574,96.2295081967213,114.262295081967,6750.64618032788,6162.72054098361,7317.57447540982
24000,80.4918032786885,72.6229508196721,88.6885245901639,5154.84801639344,4650.91175409836,5679.78162295082
26000,89.672131147541,85.4098360655738,93.9344262295082,5742.77365573771,5469.80818032787,6015.73913114754
28000,101.147540983607,97.2131147540984,106.065573770492,6477.68070491806,6225.7125737705,6792.64086885247
30000,112.295081967213,105.081967213115,119.836065573771,7191.59040983606,6729.64883606559,7674.52932786888
32000,102.786885245902,96.8852459016393,108.032786885246,6582.66742622953,6204.71522950819,6918.62493442624
34000,104.754098360656,100.16393442623,108.360655737705,6708.6514918033,6414.68867213118,6939.62227868853
36000,108.032786885246,103.114754098361,111.639344262295,6918.62493442624,6603.66477049183,7149.59572131147
38000,109.344262295082,102.459016393443,116.55737704918,7002.61431147541,6561.67008196724,7464.55588524588
40000,105.409836065574,96.2295081967213,114.262295081967,6750.64618032788,6162.72054098361,7317.57447540982
